Source,Target,Type,TimeInterval,Label,Category
1662,1669,directed,"<[2002, 2004)>",3,5.0
1662,304,directed,"<[2002, 2004)>",4,5.0
1662,1287,directed,"<[2002, 2004)>",6,5.0
1662,319,directed,"<[2002, 2004)>",7,5.0
1662,865,directed,"<[2002, 2004)>",8,5.0
1662,1121,directed,"<[2002, 2004)>",9,5.0
1662,1468,directed,"<[2002, 2004)>",11,5.0
1680,561,directed,"<[2002, 2004)>",19,1.0
1405,561,directed,"<[2002, 2004)>",20,1.0
766,714,directed,"<[2002, 2004)>",22,5.0
840,1696,directed,"<[2002, 2004)>",25,5.0
840,628,directed,"<[2002, 2004)>",26,5.0
1424,357,directed,"<[2002, 2004)>",31,1.0
1424,35,directed,"<[2002, 2004)>",32,1.0
1424,1437,directed,"<[2002, 2004)>",33,1.0
891,1394,directed,"<[2002, 2004)>",37,5.0
458,1087,directed,"<[2002, 2004)>",40,5.0
840,1696,directed,"<[2002, 2004)>",44,5.0
766,1570,directed,"<[2004, 2006)>",53,5.0
766,714,directed,"<[2004, 2006)>",55,5.0
1530,1162,directed,"<[2004, 2006)>",57,1.0
1530,1038,directed,"<[2004, 2006)>",58,1.0
1530,356,directed,"<[2004, 2006)>",60,1.0
1530,1557,directed,"<[2004, 2006)>",62,1.0
1530,1449,directed,"<[2004, 2006)>",63,1.0
1530,1216,directed,"<[2004, 2006)>",64,1.0
1530,577,directed,"<[2004, 2006)>",65,1.0
1530,372,directed,"<[2004, 2006)>",70,1.0
1530,100,directed,"<[2004, 2006)>",74,1.0
1530,865,directed,"<[2004, 2006)>",77,1.0
1530,1056,directed,"<[2004, 2006)>",78,1.0
256,545,directed,"<[2004, 2006)>",82,5.0
644,1121,directed,"<[2004, 2006)>",89,1.0
644,1516,directed,"<[2004, 2006)>",90,1.0
315,1669,directed,"<[2004, 2006)>",95,1.0
315,1121,directed,"<[2004, 2006)>",96,1.0
453,1651,directed,"<[2004, 2006)>",98,5.0
453,304,directed,"<[2004, 2006)>",99,5.0
453,545,directed,"<[2004, 2006)>",100,5.0
453,1260,directed,"<[2004, 2006)>",103,5.0
1568,37,directed,"<[2004, 2006)>",107,1.0
1568,630,directed,"<[2004, 2006)>",108,1.0
1568,1257,directed,"<[2004, 2006)>",109,1.0
1568,561,directed,"<[2004, 2006)>",110,1.0
1568,1675,directed,"<[2004, 2006)>",111,1.0
1568,1056,directed,"<[2004, 2006)>",113,1.0
1568,105,directed,"<[2004, 2006)>",114,1.0
1568,100,directed,"<[2004, 2006)>",115,1.0
1568,351,directed,"<[2004, 2006)>",116,1.0
1568,9,directed,"<[2004, 2006)>",117,1.0
1568,1435,directed,"<[2004, 2006)>",119,1.0
1568,1030,directed,"<[2004, 2006)>",124,1.0
1568,1437,directed,"<[2004, 2006)>",129,1.0
1568,1391,directed,"<[2004, 2006)>",130,1.0
1568,1030,directed,"<[2004, 2006)>",131,1.0
1568,1437,directed,"<[2004, 2006)>",132,1.0
1568,100,directed,"<[2004, 2006)>",133,1.0
1568,1391,directed,"<[2004, 2006)>",134,1.0
315,1669,directed,"<[2004, 2006)>",136,1.0
315,1121,directed,"<[2004, 2006)>",137,1.0
350,1437,directed,"<[2004, 2006)>",139,5.0
729,1002,directed,"<[2004, 2006)>",142,5.0
729,1241,directed,"<[2004, 2006)>",143,5.0
729,1279,directed,"<[2004, 2006)>",146,5.0
1568,1437,directed,"<[2004, 2006)>",152,1.0
1568,1391,directed,"<[2004, 2006)>",153,1.0
1568,1030,directed,"<[2004, 2006)>",154,1.0
1568,105,directed,"<[2004, 2006)>",157,1.0
1568,100,directed,"<[2004, 2006)>",158,1.0
1568,37,directed,"<[2004, 2006)>",160,1.0
1568,561,directed,"<[2004, 2006)>",161,1.0
1568,630,directed,"<[2004, 2006)>",162,1.0
1568,1257,directed,"<[2004, 2006)>",163,1.0
1568,9,directed,"<[2004, 2006)>",165,1.0
1568,1675,directed,"<[2004, 2006)>",166,1.0
1568,1056,directed,"<[2004, 2006)>",167,1.0
1568,372,directed,"<[2004, 2006)>",168,1.0
1568,865,directed,"<[2004, 2006)>",169,1.0
698,675,directed,"<[2004, 2006)>",170,1.0
698,676,directed,"<[2004, 2006)>",171,1.0
1424,763,directed,"<[2004, 2006)>",175,1.0
1424,1210,directed,"<[2004, 2006)>",176,1.0
1424,853,directed,"<[2004, 2006)>",177,1.0
1424,1148,directed,"<[2004, 2006)>",178,1.0
1424,1164,directed,"<[2004, 2006)>",179,1.0
1424,1026,directed,"<[2004, 2006)>",180,1.0
1424,372,directed,"<[2004, 2006)>",181,1.0
1424,105,directed,"<[2004, 2006)>",182,1.0
1424,1279,directed,"<[2004, 2006)>",183,1.0
840,185,directed,"<[2004, 2006)>",188,5.0
840,1221,directed,"<[2004, 2006)>",193,5.0
1530,1557,directed,"<[2004, 2006)>",194,1.0
1530,356,directed,"<[2004, 2006)>",195,1.0
1314,1257,directed,"<[2004, 2006)>",200,1.0
625,1641,directed,"<[2004, 2006)>",201,1.0
971,1262,directed,"<[2004, 2006)>",202,1.0
1683,1056,directed,"<[2004, 2006)>",206,1.0
1683,372,directed,"<[2004, 2006)>",207,1.0
1683,1258,directed,"<[2004, 2006)>",208,1.0
1683,630,directed,"<[2004, 2006)>",209,1.0
1683,853,directed,"<[2004, 2006)>",210,1.0
1683,1435,directed,"<[2004, 2006)>",212,1.0
1683,1026,directed,"<[2004, 2006)>",213,1.0
1683,1596,directed,"<[2004, 2006)>",215,1.0
745,35,directed,"<[2004, 2006)>",216,5.0
1586,158,directed,"<[2004, 2006)>",221,5.0
1586,818,directed,"<[2004, 2006)>",222,5.0
1586,1221,directed,"<[2004, 2006)>",224,5.0
1586,247,directed,"<[2004, 2006)>",225,5.0
1586,714,directed,"<[2004, 2006)>",228,5.0
1586,1302,directed,"<[2004, 2006)>",230,5.0
1586,1633,directed,"<[2004, 2006)>",231,5.0
1586,1308,directed,"<[2004, 2006)>",232,5.0
1568,1437,directed,"<[2004, 2006)>",239,1.0
1530,779,directed,"<[2004, 2006)>",245,1.0
1530,1612,directed,"<[2004, 2006)>",249,1.0
566,1437,directed,"<[2006, 2008)>",264,4.0
566,11,directed,"<[2006, 2008)>",265,4.0
566,25,directed,"<[2006, 2008)>",267,4.0
566,760,directed,"<[2006, 2008)>",268,4.0
566,147,directed,"<[2006, 2008)>",269,4.0
566,1516,directed,"<[2006, 2008)>",270,4.0
566,1004,directed,"<[2006, 2008)>",271,4.0
566,9,directed,"<[2006, 2008)>",273,4.0
566,651,directed,"<[2006, 2008)>",274,4.0
566,1056,directed,"<[2006, 2008)>",275,4.0
966,630,directed,"<[2006, 2008)>",276,5.0
966,1162,directed,"<[2006, 2008)>",278,5.0
966,760,directed,"<[2006, 2008)>",279,5.0
966,1056,directed,"<[2006, 2008)>",280,5.0
966,1087,directed,"<[2006, 2008)>",282,5.0
966,1217,directed,"<[2006, 2008)>",283,5.0
966,372,directed,"<[2006, 2008)>",284,5.0
966,1659,directed,"<[2006, 2008)>",285,5.0
966,1435,directed,"<[2006, 2008)>",286,5.0
966,1596,directed,"<[2006, 2008)>",289,5.0
966,105,directed,"<[2006, 2008)>",290,5.0
971,105,directed,"<[2006, 2008)>",300,1.0
840,185,directed,"<[2006, 2008)>",311,5.0
840,1472,directed,"<[2006, 2008)>",312,5.0
840,127,directed,"<[2006, 2008)>",316,5.0
840,1291,directed,"<[2006, 2008)>",327,5.0
1530,1040,directed,"<[2006, 2008)>",328,1.0
1530,1468,directed,"<[2006, 2008)>",331,1.0
1530,9,directed,"<[2006, 2008)>",339,1.0
1530,319,directed,"<[2006, 2008)>",341,1.0
1530,740,directed,"<[2006, 2008)>",342,1.0
1154,1367,directed,"<[2006, 2008)>",348,1.0
1154,1570,directed,"<[2006, 2008)>",349,1.0
1530,158,directed,"<[2006, 2008)>",352,1.0
1530,760,directed,"<[2006, 2008)>",353,1.0
1530,1329,directed,"<[2006, 2008)>",354,1.0
1154,672,directed,"<[2006, 2008)>",361,1.0
971,1344,directed,"<[2006, 2008)>",362,1.0
971,1168,directed,"<[2006, 2008)>",363,1.0
971,173,directed,"<[2006, 2008)>",365,1.0
971,1641,directed,"<[2006, 2008)>",366,1.0
971,865,directed,"<[2006, 2008)>",367,1.0
971,639,directed,"<[2006, 2008)>",368,1.0
971,747,directed,"<[2006, 2008)>",369,1.0
971,1295,directed,"<[2006, 2008)>",370,1.0
971,581,directed,"<[2006, 2008)>",371,1.0
971,1224,directed,"<[2006, 2008)>",372,1.0
625,1344,directed,"<[2006, 2008)>",386,1.0
625,1168,directed,"<[2006, 2008)>",387,1.0
625,1262,directed,"<[2006, 2008)>",388,1.0
625,1295,directed,"<[2006, 2008)>",389,1.0
1586,732,directed,"<[2006, 2008)>",392,5.0
1586,1237,directed,"<[2006, 2008)>",395,5.0
1586,528,directed,"<[2006, 2008)>",396,5.0
1586,1407,directed,"<[2006, 2008)>",397,5.0
1586,714,directed,"<[2006, 2008)>",399,5.0
1586,1190,directed,"<[2006, 2008)>",400,5.0
698,953,directed,"<[2006, 2008)>",412,1.0
698,630,directed,"<[2006, 2008)>",413,1.0
971,1295,directed,"<[2006, 2008)>",415,1.0
1,672,directed,"<[2006, 2008)>",417,5.0
1012,1066,directed,"<[2006, 2008)>",419,4.0
132,83,directed,"<[2006, 2008)>",421,5.0
132,93,directed,"<[2006, 2008)>",422,5.0
132,1132,directed,"<[2006, 2008)>",425,5.0
971,1262,directed,"<[2006, 2008)>",426,1.0
971,1168,directed,"<[2006, 2008)>",427,1.0
971,1641,directed,"<[2006, 2008)>",428,1.0
971,747,directed,"<[2006, 2008)>",429,1.0
1158,1257,directed,"<[2006, 2008)>",430,1.0
1158,1675,directed,"<[2006, 2008)>",431,1.0
1158,100,directed,"<[2006, 2008)>",432,1.0
1158,561,directed,"<[2006, 2008)>",435,1.0
1158,1040,directed,"<[2006, 2008)>",436,1.0
1158,9,directed,"<[2006, 2008)>",437,1.0
988,1681,directed,"<[2006, 2008)>",441,5.0
988,763,directed,"<[2006, 2008)>",444,5.0
1586,158,directed,"<[2006, 2008)>",446,5.0
1586,818,directed,"<[2006, 2008)>",447,5.0
1586,1302,directed,"<[2006, 2008)>",448,5.0
1586,1633,directed,"<[2006, 2008)>",450,5.0
1586,1308,directed,"<[2006, 2008)>",451,5.0
1586,247,directed,"<[2006, 2008)>",460,5.0
1424,1002,directed,"<[2006, 2008)>",463,1.0
1424,760,directed,"<[2006, 2008)>",464,1.0
1424,1681,directed,"<[2006, 2008)>",465,1.0
1424,1527,directed,"<[2006, 2008)>",468,1.0
1424,1286,directed,"<[2006, 2008)>",469,1.0
1424,442,directed,"<[2006, 2008)>",483,1.0
419,672,directed,"<[2006, 2008)>",488,1.0
419,1437,directed,"<[2006, 2008)>",490,1.0
350,1437,directed,"<[2006, 2008)>",493,5.0
1530,1370,directed,"<[2006, 2008)>",498,1.0
1530,561,directed,"<[2006, 2008)>",500,1.0
1530,1596,directed,"<[2006, 2008)>",503,1.0
1530,1258,directed,"<[2006, 2008)>",504,1.0
1530,853,directed,"<[2006, 2008)>",507,1.0
1530,1329,directed,"<[2006, 2008)>",516,1.0
449,1437,directed,"<[2006, 2008)>",519,1.0
1646,185,directed,"<[2006, 2008)>",522,1.0
1646,1407,directed,"<[2006, 2008)>",525,1.0
1586,1168,directed,"<[2006, 2008)>",528,5.0
1586,1260,directed,"<[2006, 2008)>",529,5.0
1586,574,directed,"<[2006, 2008)>",530,5.0
1586,83,directed,"<[2006, 2008)>",531,5.0
1586,1544,directed,"<[2006, 2008)>",533,5.0
1586,1344,directed,"<[2006, 2008)>",534,5.0
1586,1624,directed,"<[2006, 2008)>",535,5.0
1586,1216,directed,"<[2006, 2008)>",537,5.0
1586,119,directed,"<[2006, 2008)>",538,5.0
1586,1472,directed,"<[2006, 2008)>",539,5.0
1586,116,directed,"<[2006, 2008)>",540,5.0
1586,1291,directed,"<[2006, 2008)>",541,5.0
1586,577,directed,"<[2006, 2008)>",543,5.0
1586,340,directed,"<[2006, 2008)>",546,5.0
1586,127,directed,"<[2006, 2008)>",549,5.0
1586,1168,directed,"<[2006, 2008)>",553,5.0
1586,1344,directed,"<[2006, 2008)>",554,5.0
1586,574,directed,"<[2006, 2008)>",555,5.0
1586,1624,directed,"<[2006, 2008)>",556,5.0
1586,1544,directed,"<[2006, 2008)>",557,5.0
1586,1260,directed,"<[2006, 2008)>",558,5.0
1586,1216,directed,"<[2006, 2008)>",561,5.0
1586,127,directed,"<[2006, 2008)>",562,5.0
1586,1291,directed,"<[2006, 2008)>",563,5.0
1586,1411,directed,"<[2006, 2008)>",565,5.0
1586,116,directed,"<[2006, 2008)>",567,5.0
1586,577,directed,"<[2006, 2008)>",569,5.0
1586,119,directed,"<[2006, 2008)>",571,5.0
1586,1472,directed,"<[2006, 2008)>",572,5.0
1586,340,directed,"<[2006, 2008)>",576,5.0
690,675,directed,"<[2000, 2002)>",577,5.0
407,1653,directed,"<[2000, 2002)>",579,1.0
1709,1321,directed,"<[2000, 2002)>",585,5.0
925,1321,directed,"<[2000, 2002)>",588,5.0
1552,1148,directed,"<[2000, 2002)>",595,5.0
323,1217,directed,"<[2004, 2006)>",611,1.0
541,760,directed,"<[2004, 2006)>",632,1.0
1431,1250,directed,"<[2004, 2006)>",633,1.0
541,1516,directed,"<[2004, 2006)>",635,1.0
404,304,directed,"<[2004, 2006)>",636,5.0
541,25,directed,"<[2004, 2006)>",639,1.0
1657,1651,directed,"<[2004, 2006)>",640,1.0
1657,7,directed,"<[2004, 2006)>",642,1.0
749,760,directed,"<[2004, 2006)>",649,4.0
1490,264,directed,"<[2006, 2008)>",650,1.0
541,11,directed,"<[2006, 2008)>",651,1.0
1552,1004,directed,"<[2006, 2008)>",657,5.0
1339,1329,directed,"<[2000, 2002)>",658,4.0
1082,1329,directed,"<[2000, 2002)>",660,4.0
749,874,directed,"<[2000, 2002)>",662,4.0
749,1162,directed,"<[2000, 2002)>",663,4.0
749,874,directed,"<[2000, 2002)>",664,4.0
749,1162,directed,"<[2000, 2002)>",665,4.0
1408,574,directed,"<[2000, 2002)>",671,5.0
1408,1653,directed,"<[2000, 2002)>",672,5.0
1408,1624,directed,"<[2000, 2002)>",674,5.0
1408,1659,directed,"<[2000, 2002)>",675,5.0
1082,9,directed,"<[2000, 2002)>",683,4.0
1082,1451,directed,"<[2000, 2002)>",690,4.0
1082,853,directed,"<[2000, 2002)>",699,4.0
1082,35,directed,"<[2000, 2002)>",702,4.0
1082,791,directed,"<[2000, 2002)>",703,4.0
1339,9,directed,"<[2000, 2002)>",714,4.0
1339,1451,directed,"<[2000, 2002)>",721,4.0
1339,853,directed,"<[2000, 2002)>",730,4.0
1339,35,directed,"<[2000, 2002)>",733,4.0
1339,791,directed,"<[2000, 2002)>",734,4.0
1082,1217,directed,"<[2000, 2002)>",739,4.0
1339,1217,directed,"<[2000, 2002)>",740,4.0
1082,333,directed,"<[2000, 2002)>",745,4.0
1339,333,directed,"<[2000, 2002)>",748,4.0
1082,37,directed,"<[2000, 2002)>",755,4.0
1339,37,directed,"<[2000, 2002)>",756,4.0
193,1283,directed,"<[2000, 2002)>",766,5.0
814,638,directed,"<[2000, 2002)>",768,1.0
814,1641,directed,"<[2000, 2002)>",769,1.0
814,747,directed,"<[2000, 2002)>",770,1.0
422,638,directed,"<[2000, 2002)>",771,5.0
422,1641,directed,"<[2000, 2002)>",772,5.0
422,747,directed,"<[2000, 2002)>",773,5.0
814,639,directed,"<[2000, 2002)>",774,1.0
814,173,directed,"<[2000, 2002)>",775,1.0
422,639,directed,"<[2000, 2002)>",776,5.0
422,173,directed,"<[2000, 2002)>",777,5.0
1157,100,directed,"<[2000, 2002)>",810,1.0
698,1257,directed,"<[2000, 2002)>",811,1.0
698,35,directed,"<[2000, 2002)>",812,1.0
698,1681,directed,"<[2000, 2002)>",813,1.0
422,1641,directed,"<[2000, 2002)>",814,5.0
422,747,directed,"<[2000, 2002)>",815,5.0
422,638,directed,"<[2000, 2002)>",816,5.0
814,1641,directed,"<[2000, 2002)>",817,1.0
814,747,directed,"<[2000, 2002)>",818,1.0
814,638,directed,"<[2000, 2002)>",819,1.0
599,304,directed,"<[2002, 2004)>",852,1.0
599,1260,directed,"<[2002, 2004)>",854,1.0
599,1260,directed,"<[2002, 2004)>",856,1.0
1657,1651,directed,"<[2002, 2004)>",857,1.0
1657,545,directed,"<[2002, 2004)>",858,1.0
809,413,directed,"<[2002, 2004)>",860,5.0
809,1264,directed,"<[2002, 2004)>",861,5.0
1157,763,directed,"<[2002, 2004)>",863,1.0
1157,783,directed,"<[2002, 2004)>",865,1.0
1157,225,directed,"<[2002, 2004)>",866,1.0
1157,1098,directed,"<[2002, 2004)>",867,1.0
1157,538,directed,"<[2002, 2004)>",872,1.0
1157,1507,directed,"<[2002, 2004)>",873,1.0
1403,1262,directed,"<[2004, 2006)>",880,1.0
1079,972,directed,"<[2004, 2006)>",881,1.0
1157,372,directed,"<[2004, 2006)>",882,1.0
1157,1675,directed,"<[2004, 2006)>",883,1.0
1157,1439,directed,"<[2004, 2006)>",884,1.0
1157,760,directed,"<[2004, 2006)>",885,1.0
1157,545,directed,"<[2004, 2006)>",886,1.0
1157,1668,directed,"<[2004, 2006)>",887,1.0
1157,1435,directed,"<[2004, 2006)>",888,1.0
1157,1046,directed,"<[2004, 2006)>",890,1.0
1157,1279,directed,"<[2004, 2006)>",891,1.0
1530,100,directed,"<[2004, 2006)>",897,1.0
1530,1002,directed,"<[2004, 2006)>",898,1.0
1530,1391,directed,"<[2004, 2006)>",901,1.0
599,1651,directed,"<[2004, 2006)>",904,1.0
599,7,directed,"<[2004, 2006)>",907,1.0
1657,1651,directed,"<[2004, 2006)>",908,1.0
1657,7,directed,"<[2004, 2006)>",911,1.0
1119,1449,directed,"<[2006, 2008)>",914,5.0
1119,577,directed,"<[2006, 2008)>",915,5.0
599,1651,directed,"<[2006, 2008)>",918,1.0
599,7,directed,"<[2006, 2008)>",921,1.0
1119,779,directed,"<[2006, 2008)>",923,5.0
1157,545,directed,"<[2006, 2008)>",925,1.0
1157,651,directed,"<[2006, 2008)>",927,1.0
1157,1651,directed,"<[2006, 2008)>",930,1.0
1157,442,directed,"<[2006, 2008)>",931,1.0
1157,1087,directed,"<[2006, 2008)>",940,1.0
1157,733,directed,"<[2006, 2008)>",941,1.0
1157,1308,directed,"<[2006, 2008)>",943,1.0
1157,1210,directed,"<[2006, 2008)>",944,1.0
1157,1148,directed,"<[2006, 2008)>",945,1.0
1157,1279,directed,"<[2006, 2008)>",946,1.0
1157,1004,directed,"<[2006, 2008)>",949,1.0
1157,1503,directed,"<[2006, 2008)>",950,1.0
1157,1116,directed,"<[2006, 2008)>",953,1.0
1157,1681,directed,"<[2006, 2008)>",954,1.0
1157,763,directed,"<[2006, 2008)>",958,1.0
1157,1675,directed,"<[2006, 2008)>",960,1.0
1157,1164,directed,"<[2006, 2008)>",961,1.0
1157,791,directed,"<[2006, 2008)>",963,1.0
107,672,directed,"<[2006, 2008)>",964,1.0
107,1437,directed,"<[2006, 2008)>",966,1.0
600,185,directed,"<[2006, 2008)>",967,1.0
752,185,directed,"<[2006, 2008)>",968,1.0
1586,639,directed,"<[2006, 2008)>",984,5.0
1586,173,directed,"<[2006, 2008)>",985,5.0
1586,1321,directed,"<[2006, 2008)>",986,5.0
1586,1295,directed,"<[2006, 2008)>",987,5.0
1586,1394,directed,"<[2006, 2008)>",988,5.0
1586,93,directed,"<[2006, 2008)>",991,5.0
1586,638,directed,"<[2006, 2008)>",992,5.0
1586,1641,directed,"<[2006, 2008)>",994,5.0
1586,1286,directed,"<[2006, 2008)>",996,5.0
1586,581,directed,"<[2006, 2008)>",997,5.0
1586,747,directed,"<[2006, 2008)>",998,5.0
971,173,directed,"<[2006, 2008)>",1011,1.0
971,639,directed,"<[2006, 2008)>",1012,1.0
1303,185,directed,"<[2006, 2008)>",1021,5.0
132,733,directed,"<[2000, 2002)>",1023,5.0
132,545,directed,"<[2000, 2002)>",1024,5.0
600,692,directed,"<[2006, 2008)>",1034,1.0
752,692,directed,"<[2006, 2008)>",1035,1.0
1268,1030,directed,"<[2006, 2008)>",1037,5.0
1586,972,directed,"<[2006, 2008)>",1038,5.0
1586,1132,directed,"<[2006, 2008)>",1039,5.0
34,459,directed,"<[2006, 2008)>",1045,1.0
34,158,directed,"<[2006, 2008)>",1046,1.0
371,1148,directed,"<[2006, 2008)>",1048,5.0
371,1132,directed,"<[2006, 2008)>",1049,5.0
1586,430,directed,"<[2006, 2008)>",1050,5.0
1586,798,directed,"<[2006, 2008)>",1052,5.0
966,1659,directed,"<[2006, 2008)>",1055,5.0
966,760,directed,"<[2006, 2008)>",1057,5.0
966,105,directed,"<[2006, 2008)>",1058,5.0
966,372,directed,"<[2006, 2008)>",1059,5.0
966,1056,directed,"<[2006, 2008)>",1060,5.0
966,630,directed,"<[2006, 2008)>",1062,5.0
966,1087,directed,"<[2006, 2008)>",1063,5.0
966,1596,directed,"<[2006, 2008)>",1064,5.0
966,1217,directed,"<[2006, 2008)>",1066,5.0
966,1435,directed,"<[2006, 2008)>",1067,5.0
1424,760,directed,"<[2006, 2008)>",1079,1.0
236,1241,directed,"<[2006, 2008)>",1082,5.0
132,1002,directed,"<[2006, 2008)>",1084,5.0
1530,1283,directed,"<[2006, 2008)>",1088,1.0
1530,111,directed,"<[2006, 2008)>",1090,1.0
1530,545,directed,"<[2006, 2008)>",1091,1.0
1530,1308,directed,"<[2006, 2008)>",1093,1.0
1530,387,directed,"<[2006, 2008)>",1098,1.0
1530,1507,directed,"<[2006, 2008)>",1099,1.0
1530,630,directed,"<[2006, 2008)>",1100,1.0
1530,783,directed,"<[2006, 2008)>",1102,1.0
1530,459,directed,"<[2006, 2008)>",1113,1.0
1530,1659,directed,"<[2006, 2008)>",1115,1.0
1586,1262,directed,"<[2006, 2008)>",1117,5.0
1586,1232,directed,"<[2006, 2008)>",1125,5.0
1268,1439,directed,"<[2006, 2008)>",1126,5.0
658,1295,directed,"<[2006, 2008)>",1127,5.0
658,1641,directed,"<[2006, 2008)>",1128,5.0
658,1262,directed,"<[2006, 2008)>",1129,5.0
1530,1651,directed,"<[2006, 2008)>",1132,1.0
1530,344,directed,"<[2006, 2008)>",1134,1.0
1530,1573,directed,"<[2006, 2008)>",1135,1.0
1530,264,directed,"<[2006, 2008)>",1137,1.0
1530,1030,directed,"<[2006, 2008)>",1138,1.0
1530,105,directed,"<[2006, 2008)>",1139,1.0
1530,1250,directed,"<[2006, 2008)>",1140,1.0
1530,830,directed,"<[2006, 2008)>",1141,1.0
1530,783,directed,"<[2006, 2008)>",1142,1.0
371,1279,directed,"<[2006, 2008)>",1156,5.0
371,1651,directed,"<[2006, 2008)>",1157,5.0
371,791,directed,"<[2006, 2008)>",1158,5.0
371,1210,directed,"<[2006, 2008)>",1159,5.0
371,1503,directed,"<[2006, 2008)>",1160,5.0
371,763,directed,"<[2006, 2008)>",1162,5.0
371,760,directed,"<[2006, 2008)>",1163,5.0
371,545,directed,"<[2006, 2008)>",1164,5.0
371,1004,directed,"<[2006, 2008)>",1165,5.0
371,83,directed,"<[2006, 2008)>",1168,5.0
371,442,directed,"<[2006, 2008)>",1169,5.0
371,1308,directed,"<[2006, 2008)>",1177,5.0
371,1002,directed,"<[2006, 2008)>",1178,5.0
1012,465,directed,"<[2006, 2008)>",1179,4.0
1586,799,directed,"<[2006, 2008)>",1183,5.0
1586,1570,directed,"<[2006, 2008)>",1185,5.0
658,760,directed,"<[2006, 2008)>",1186,5.0
658,1503,directed,"<[2006, 2008)>",1187,5.0
658,1210,directed,"<[2006, 2008)>",1188,5.0
658,1295,directed,"<[2006, 2008)>",1190,5.0
236,561,directed,"<[2006, 2008)>",1191,5.0
236,37,directed,"<[2006, 2008)>",1196,5.0
236,1056,directed,"<[2006, 2008)>",1198,5.0
236,9,directed,"<[2006, 2008)>",1200,5.0
236,1040,directed,"<[2006, 2008)>",1201,5.0
1680,465,directed,"<[2006, 2008)>",1203,1.0
1405,465,directed,"<[2006, 2008)>",1204,1.0
1424,100,directed,"<[2006, 2008)>",1209,1.0
1424,725,directed,"<[2006, 2008)>",1212,1.0
1424,953,directed,"<[2006, 2008)>",1218,1.0
1424,1391,directed,"<[2006, 2008)>",1219,1.0
1586,1573,directed,"<[2006, 2008)>",1223,5.0
979,442,directed,"<[2006, 2008)>",1235,5.0
946,247,directed,"<[2006, 2008)>",1241,5.0
979,1527,directed,"<[2006, 2008)>",1244,5.0
979,442,directed,"<[2006, 2008)>",1251,5.0
946,1557,directed,"<[2006, 2008)>",1253,5.0
946,247,directed,"<[2006, 2008)>",1254,5.0
1212,100,directed,"<[2006, 2008)>",1258,5.0
946,247,directed,"<[2004, 2006)>",1261,5.0
1614,1278,directed,"<[2004, 2006)>",1268,1.0
575,152,directed,"<[2006, 2008)>",1273,5.0
759,152,directed,"<[2006, 2008)>",1274,5.0
657,152,directed,"<[2006, 2008)>",1275,5.0
600,692,directed,"<[2006, 2008)>",1278,1.0
752,692,directed,"<[2006, 2008)>",1279,1.0
946,158,directed,"<[2006, 2008)>",1280,5.0
946,247,directed,"<[2006, 2008)>",1282,5.0
1014,1411,directed,"<[2006, 2008)>",1283,5.0
946,247,directed,"<[2006, 2008)>",1287,5.0
106,1283,directed,"<[2006, 2008)>",1288,1.0
1537,1503,directed,"<[2006, 2008)>",1291,5.0
1586,158,directed,"<[2006, 2008)>",1293,5.0
1586,818,directed,"<[2006, 2008)>",1294,5.0
1586,1308,directed,"<[2006, 2008)>",1295,5.0
1586,1302,directed,"<[2006, 2008)>",1296,5.0
1586,1633,directed,"<[2006, 2008)>",1298,5.0
1586,247,directed,"<[2006, 2008)>",1306,5.0
946,247,directed,"<[2004, 2006)>",1308,5.0
1586,1168,directed,"<[2006, 2008)>",1309,5.0
1586,1260,directed,"<[2006, 2008)>",1310,5.0
1586,574,directed,"<[2006, 2008)>",1311,5.0
1586,83,directed,"<[2006, 2008)>",1312,5.0
1586,1544,directed,"<[2006, 2008)>",1314,5.0
1586,1344,directed,"<[2006, 2008)>",1315,5.0
1586,1624,directed,"<[2006, 2008)>",1316,5.0
1020,663,directed,"<[2006, 2008)>",1320,5.0
796,791,directed,"<[2006, 2008)>",1325,1.0
1586,798,directed,"<[2006, 2008)>",1331,5.0
1586,430,directed,"<[2006, 2008)>",1332,5.0
1586,1132,directed,"<[2006, 2008)>",1337,5.0
946,1557,directed,"<[2004, 2006)>",1346,5.0
106,1370,directed,"<[2006, 2008)>",1355,1.0
1586,1216,directed,"<[2006, 2008)>",1368,5.0
1586,119,directed,"<[2006, 2008)>",1369,5.0
1586,1472,directed,"<[2006, 2008)>",1370,5.0
1586,116,directed,"<[2006, 2008)>",1371,5.0
1586,1291,directed,"<[2006, 2008)>",1372,5.0
1586,577,directed,"<[2006, 2008)>",1374,5.0
1586,340,directed,"<[2006, 2008)>",1379,5.0
1586,127,directed,"<[2006, 2008)>",1382,5.0
1586,1168,directed,"<[2006, 2008)>",1388,5.0
1586,1344,directed,"<[2006, 2008)>",1389,5.0
1586,574,directed,"<[2006, 2008)>",1392,5.0
1586,1624,directed,"<[2006, 2008)>",1393,5.0
1586,1544,directed,"<[2006, 2008)>",1394,5.0
1586,1573,directed,"<[2006, 2008)>",1395,5.0
1586,1216,directed,"<[2006, 2008)>",1397,5.0
1586,1411,directed,"<[2006, 2008)>",1401,5.0
1586,116,directed,"<[2006, 2008)>",1403,5.0
1586,1573,directed,"<[2006, 2008)>",1407,5.0
1586,1262,directed,"<[2006, 2008)>",1409,5.0
1586,1407,directed,"<[2006, 2008)>",1410,5.0
1586,158,directed,"<[2006, 2008)>",1415,5.0
1586,528,directed,"<[2006, 2008)>",1428,5.0
1586,1260,directed,"<[2006, 2008)>",1431,5.0
1586,577,directed,"<[2006, 2008)>",1435,5.0
1586,972,directed,"<[2006, 2008)>",1438,5.0
1586,119,directed,"<[2006, 2008)>",1439,5.0
1586,127,directed,"<[2006, 2008)>",1440,5.0
1586,1291,directed,"<[2006, 2008)>",1441,5.0
1480,1439,directed,"<[2006, 2008)>",1452,5.0
1480,372,directed,"<[2006, 2008)>",1453,5.0
1586,1286,directed,"<[2006, 2008)>",1471,5.0
1586,581,directed,"<[2006, 2008)>",1472,5.0
1586,1295,directed,"<[2006, 2008)>",1473,5.0
1586,1394,directed,"<[2006, 2008)>",1475,5.0
1586,1321,directed,"<[2006, 2008)>",1476,5.0
1586,173,directed,"<[2006, 2008)>",1477,5.0
1586,638,directed,"<[2006, 2008)>",1478,5.0
1586,1641,directed,"<[2006, 2008)>",1480,5.0
1586,93,directed,"<[2006, 2008)>",1481,5.0
1586,639,directed,"<[2006, 2008)>",1483,5.0
1586,747,directed,"<[2006, 2008)>",1485,5.0
1586,340,directed,"<[2006, 2008)>",1486,5.0
1586,732,directed,"<[2006, 2008)>",1494,5.0
1586,528,directed,"<[2006, 2008)>",1498,5.0
1586,1407,directed,"<[2006, 2008)>",1499,5.0
1586,1237,directed,"<[2006, 2008)>",1500,5.0
1586,714,directed,"<[2006, 2008)>",1501,5.0
1586,818,directed,"<[2006, 2008)>",1514,5.0
1586,158,directed,"<[2006, 2008)>",1515,5.0
1586,1221,directed,"<[2006, 2008)>",1516,5.0
1586,1302,directed,"<[2006, 2008)>",1517,5.0
1586,1633,directed,"<[2006, 2008)>",1520,5.0
1586,1308,directed,"<[2006, 2008)>",1523,5.0
1586,247,directed,"<[2006, 2008)>",1524,5.0
1586,1190,directed,"<[2006, 2008)>",1525,5.0
283,760,directed,"<[2006, 2008)>",1534,1.0
283,225,directed,"<[2006, 2008)>",1540,1.0
180,953,directed,"<[2006, 2008)>",1541,1.0
490,953,directed,"<[2006, 2008)>",1542,4.0
1680,1247,directed,"<[2004, 2006)>",1543,1.0
1680,372,directed,"<[2004, 2006)>",1544,1.0
1680,1046,directed,"<[2004, 2006)>",1545,1.0
1405,1247,directed,"<[2004, 2006)>",1546,1.0
1405,372,directed,"<[2004, 2006)>",1547,1.0
1405,1046,directed,"<[2004, 2006)>",1548,1.0
1621,35,directed,"<[2004, 2006)>",1549,5.0
1621,170,directed,"<[2004, 2006)>",1551,5.0
98,1121,directed,"<[2004, 2006)>",1554,5.0
98,663,directed,"<[2004, 2006)>",1555,5.0
98,387,directed,"<[2004, 2006)>",1556,5.0
98,247,directed,"<[2004, 2006)>",1557,5.0
98,450,directed,"<[2004, 2006)>",1559,5.0
1073,760,directed,"<[2006, 2008)>",1560,5.0
1073,105,directed,"<[2006, 2008)>",1561,5.0
1314,675,directed,"<[2004, 2006)>",1570,1.0
1680,1056,directed,"<[2004, 2006)>",1578,1.0
1680,1116,directed,"<[2004, 2006)>",1580,1.0
1680,791,directed,"<[2004, 2006)>",1583,1.0
1405,1056,directed,"<[2004, 2006)>",1586,1.0
1405,1116,directed,"<[2004, 2006)>",1588,1.0
1405,791,directed,"<[2004, 2006)>",1591,1.0
1073,1098,directed,"<[2004, 2006)>",1597,5.0
282,147,directed,"<[2004, 2006)>",1603,5.0
862,1283,directed,"<[2006, 2008)>",1613,5.0
862,100,directed,"<[2006, 2008)>",1616,5.0
1403,1224,directed,"<[2004, 2006)>",1633,1.0
595,1367,directed,"<[2004, 2006)>",1635,1.0
644,1121,directed,"<[2004, 2006)>",1643,1.0
644,1516,directed,"<[2004, 2006)>",1647,1.0
840,1221,directed,"<[2004, 2006)>",1651,5.0
159,1675,directed,"<[2006, 2008)>",1652,5.0
862,830,directed,"<[2006, 2008)>",1660,5.0
690,630,directed,"<[2006, 2008)>",1666,5.0
862,1038,directed,"<[2006, 2008)>",1667,5.0
59,105,directed,"<[2000, 2002)>",1670,5.0
1180,1004,directed,"<[2000, 2002)>",1673,5.0
1672,372,directed,"<[2002, 2004)>",1678,5.0
1519,1370,directed,"<[2000, 2002)>",1679,1.0
2,1370,directed,"<[2000, 2002)>",1683,1.0
690,35,directed,"<[2002, 2004)>",1691,5.0
1680,791,directed,"<[2000, 2002)>",1692,1.0
1680,830,directed,"<[2000, 2002)>",1693,1.0
1680,504,directed,"<[2000, 2002)>",1694,1.0
490,1162,directed,"<[2000, 2002)>",1699,4.0
180,1162,directed,"<[2000, 2002)>",1701,1.0
180,1675,directed,"<[2002, 2004)>",1703,1.0
180,1451,directed,"<[2002, 2004)>",1704,1.0
490,1675,directed,"<[2002, 2004)>",1705,4.0
490,1451,directed,"<[2002, 2004)>",1706,4.0
1405,111,directed,"<[2002, 2004)>",1709,1.0
1405,504,directed,"<[2002, 2004)>",1710,1.0
1405,538,directed,"<[2002, 2004)>",1711,1.0
1405,1675,directed,"<[2002, 2004)>",1712,1.0
1680,111,directed,"<[2002, 2004)>",1715,1.0
1680,504,directed,"<[2002, 2004)>",1716,1.0
1680,538,directed,"<[2002, 2004)>",1717,1.0
1680,1675,directed,"<[2002, 2004)>",1718,1.0
755,1439,directed,"<[2002, 2004)>",1722,1.0
755,111,directed,"<[2002, 2004)>",1732,1.0
283,1087,directed,"<[2002, 2004)>",1736,1.0
1277,763,directed,"<[2000, 2002)>",1737,5.0
1277,728,directed,"<[2000, 2002)>",1738,5.0
159,528,directed,"<[2002, 2004)>",1743,5.0
2,760,directed,"<[2002, 2004)>",1746,1.0
2,1435,directed,"<[2000, 2002)>",1747,1.0
2,1056,directed,"<[2000, 2002)>",1750,1.0
2,100,directed,"<[2000, 2002)>",1751,1.0
2,1162,directed,"<[2000, 2002)>",1752,1.0
690,1257,directed,"<[2002, 2004)>",1754,5.0
1672,170,directed,"<[2002, 2004)>",1756,5.0
1680,357,directed,"<[2002, 2004)>",1767,1.0
1405,357,directed,"<[2002, 2004)>",1769,1.0
1060,733,directed,"<[2004, 2006)>",1773,1.0
282,1651,directed,"<[2002, 2004)>",1776,5.0
282,1681,directed,"<[2002, 2004)>",1777,5.0
282,733,directed,"<[2002, 2004)>",1779,5.0
1672,372,directed,"<[2002, 2004)>",1780,5.0
866,1279,directed,"<[2002, 2004)>",1782,5.0
866,1002,directed,"<[2002, 2004)>",1784,5.0
866,760,directed,"<[2002, 2004)>",1786,5.0
866,763,directed,"<[2002, 2004)>",1787,5.0
866,728,directed,"<[2002, 2004)>",1788,5.0
866,1056,directed,"<[2002, 2004)>",1789,5.0
1060,1046,directed,"<[2002, 2004)>",1791,1.0
1060,372,directed,"<[2002, 2004)>",1792,1.0
1060,351,directed,"<[2002, 2004)>",1793,1.0
690,35,directed,"<[2002, 2004)>",1797,5.0
265,1066,directed,"<[2004, 2006)>",1800,1.0
1683,1247,directed,"<[2002, 2004)>",1804,1.0
690,1675,directed,"<[2004, 2006)>",1805,5.0
690,953,directed,"<[2004, 2006)>",1806,5.0
159,1439,directed,"<[2004, 2006)>",1807,5.0
98,663,directed,"<[2002, 2004)>",1808,5.0
98,247,directed,"<[2002, 2004)>",1809,5.0
98,387,directed,"<[2002, 2004)>",1810,5.0
98,450,directed,"<[2002, 2004)>",1811,5.0
98,1121,directed,"<[2002, 2004)>",1813,5.0
1680,791,directed,"<[2002, 2004)>",1814,1.0
1680,1056,directed,"<[2002, 2004)>",1815,1.0
1405,791,directed,"<[2002, 2004)>",1816,1.0
1405,1056,directed,"<[2002, 2004)>",1817,1.0
809,933,directed,"<[2002, 2004)>",1818,5.0
1661,319,directed,"<[2000, 2002)>",1820,5.0
1661,158,directed,"<[2000, 2002)>",1824,5.0
1661,319,directed,"<[2000, 2002)>",1832,5.0
1661,158,directed,"<[2002, 2004)>",1844,5.0
1661,1121,directed,"<[2002, 2004)>",1845,5.0
1680,1653,directed,"<[2002, 2004)>",1848,1.0
1405,1653,directed,"<[2002, 2004)>",1849,1.0
1586,1651,directed,"<[2000, 2002)>",1850,5.0
283,760,directed,"<[2002, 2004)>",1854,1.0
755,1449,directed,"<[2002, 2004)>",1856,1.0
1683,1056,directed,"<[2002, 2004)>",1859,1.0
1680,1116,directed,"<[2002, 2004)>",1864,1.0
1680,760,directed,"<[2002, 2004)>",1865,1.0
1680,105,directed,"<[2002, 2004)>",1866,1.0
1405,1116,directed,"<[2002, 2004)>",1868,1.0
1405,760,directed,"<[2002, 2004)>",1869,1.0
1405,105,directed,"<[2002, 2004)>",1870,1.0
1537,105,directed,"<[2004, 2006)>",1871,5.0
1537,1056,directed,"<[2004, 2006)>",1872,5.0
1537,763,directed,"<[2004, 2006)>",1873,5.0
1537,853,directed,"<[2004, 2006)>",1875,5.0
282,1651,directed,"<[2004, 2006)>",1876,5.0
1060,351,directed,"<[2004, 2006)>",1878,1.0
1060,372,directed,"<[2004, 2006)>",1879,1.0
1060,1046,directed,"<[2004, 2006)>",1880,1.0
1680,100,directed,"<[2004, 2006)>",1882,1.0
1405,100,directed,"<[2004, 2006)>",1883,1.0
1537,1247,directed,"<[2002, 2004)>",1886,5.0
1537,791,directed,"<[2002, 2004)>",1887,5.0
1537,1279,directed,"<[2002, 2004)>",1888,5.0
1537,1164,directed,"<[2002, 2004)>",1889,5.0
1537,760,directed,"<[2002, 2004)>",1890,5.0
1537,1116,directed,"<[2002, 2004)>",1891,5.0
1537,1002,directed,"<[2002, 2004)>",1892,5.0
1537,1046,directed,"<[2002, 2004)>",1893,5.0
866,763,directed,"<[2004, 2006)>",1896,5.0
1680,561,directed,"<[2002, 2004)>",1897,1.0
1405,561,directed,"<[2002, 2004)>",1898,1.0
265,1279,directed,"<[2004, 2006)>",1904,1.0
1314,1681,directed,"<[2004, 2006)>",1907,1.0
1014,1557,directed,"<[2004, 2006)>",1909,5.0
1014,158,directed,"<[2004, 2006)>",1910,5.0
1014,1573,directed,"<[2004, 2006)>",1913,5.0
988,1681,directed,"<[2002, 2004)>",1929,5.0
59,636,directed,"<[2004, 2006)>",1930,5.0
1586,1651,directed,"<[2002, 2004)>",1934,5.0
801,1278,directed,"<[2004, 2006)>",1935,5.0
531,1396,directed,"<[2004, 2006)>",1936,1.0
1431,1396,directed,"<[2004, 2006)>",1937,1.0
1130,158,directed,"<[2002, 2004)>",1938,5.0
1130,740,directed,"<[2002, 2004)>",1939,5.0
1130,247,directed,"<[2002, 2004)>",1940,5.0
1130,1121,directed,"<[2002, 2004)>",1944,5.0
1130,1250,directed,"<[2002, 2004)>",1945,5.0
1130,264,directed,"<[2002, 2004)>",1946,5.0
1130,319,directed,"<[2002, 2004)>",1947,5.0
1614,1278,directed,"<[2004, 2006)>",1950,1.0
946,247,directed,"<[2002, 2004)>",1952,5.0
1586,1651,directed,"<[2004, 2006)>",1955,5.0
946,247,directed,"<[2004, 2006)>",1956,5.0
265,1056,directed,"<[2004, 2006)>",1962,1.0
265,504,directed,"<[2004, 2006)>",1963,1.0
921,728,directed,"<[2002, 2004)>",1964,5.0
921,1329,directed,"<[2002, 2004)>",1966,5.0
1405,1516,directed,"<[2002, 2004)>",1968,1.0
1311,351,directed,"<[2000, 2002)>",1986,5.0
1311,1046,directed,"<[2000, 2002)>",1987,5.0
1313,351,directed,"<[2000, 2002)>",1988,5.0
1313,1046,directed,"<[2000, 2002)>",1989,5.0
1313,1162,directed,"<[2000, 2002)>",1990,5.0
1313,874,directed,"<[2000, 2002)>",1991,5.0
1311,1329,directed,"<[2000, 2002)>",1994,5.0
1313,1329,directed,"<[2000, 2002)>",1997,5.0
1311,1056,directed,"<[2000, 2002)>",1998,5.0
1313,1056,directed,"<[2000, 2002)>",1999,5.0
1313,105,directed,"<[2000, 2002)>",2000,5.0
1311,105,directed,"<[2000, 2002)>",2001,5.0
1313,630,directed,"<[2000, 2002)>",2002,5.0
1313,333,directed,"<[2000, 2002)>",2005,5.0
1313,853,directed,"<[2000, 2002)>",2006,5.0
1313,1258,directed,"<[2000, 2002)>",2007,5.0
1311,333,directed,"<[2000, 2002)>",2008,5.0
1311,853,directed,"<[2000, 2002)>",2009,5.0
1311,1258,directed,"<[2000, 2002)>",2010,5.0
1313,760,directed,"<[2000, 2002)>",2013,5.0
59,105,directed,"<[2000, 2002)>",2018,5.0
59,319,directed,"<[2000, 2002)>",2019,5.0
598,663,directed,"<[2002, 2004)>",2022,1.0
598,247,directed,"<[2002, 2004)>",2025,1.0
598,158,directed,"<[2002, 2004)>",2026,1.0
598,387,directed,"<[2002, 2004)>",2027,1.0
598,1038,directed,"<[2002, 2004)>",2028,1.0
59,630,directed,"<[2000, 2002)>",2029,5.0
59,636,directed,"<[2004, 2006)>",2033,5.0
835,1098,directed,"<[2004, 2006)>",2036,1.0
835,538,directed,"<[2004, 2006)>",2037,1.0
1313,1681,directed,"<[2002, 2004)>",2039,5.0
1311,1681,directed,"<[2002, 2004)>",2040,5.0
156,170,directed,"<[2000, 2002)>",2043,1.0
1313,1066,directed,"<[2002, 2004)>",2044,5.0
1313,1257,directed,"<[2002, 2004)>",2045,5.0
59,1651,directed,"<[2002, 2004)>",2047,5.0
1313,859,directed,"<[2002, 2004)>",2057,5.0
1311,859,directed,"<[2002, 2004)>",2058,5.0
1313,676,directed,"<[2002, 2004)>",2059,5.0
59,636,directed,"<[2000, 2002)>",2061,5.0
1683,853,directed,"<[2002, 2004)>",2064,1.0
1311,791,directed,"<[2002, 2004)>",2066,5.0
1311,1659,directed,"<[2002, 2004)>",2069,5.0
1313,791,directed,"<[2002, 2004)>",2071,5.0
1313,1659,directed,"<[2002, 2004)>",2074,5.0
59,639,directed,"<[2004, 2006)>",2085,5.0
1672,170,directed,"<[2002, 2004)>",2087,5.0
1403,173,directed,"<[2004, 2006)>",2088,1.0
1586,1651,directed,"<[2000, 2002)>",2092,5.0
1586,733,directed,"<[2000, 2002)>",2097,5.0
1586,1651,directed,"<[2000, 2002)>",2098,5.0
809,933,directed,"<[2002, 2004)>",2101,5.0
657,732,directed,"<[2006, 2008)>",2102,5.0
657,799,directed,"<[2006, 2008)>",2103,5.0
575,732,directed,"<[2006, 2008)>",2104,5.0
575,799,directed,"<[2006, 2008)>",2105,5.0
809,413,directed,"<[2002, 2004)>",2108,5.0
809,1264,directed,"<[2002, 2004)>",2109,5.0
809,413,directed,"<[2002, 2004)>",2113,5.0
809,1264,directed,"<[2002, 2004)>",2114,5.0
809,933,directed,"<[2002, 2004)>",2116,5.0
809,1264,directed,"<[2002, 2004)>",2119,5.0
809,933,directed,"<[2002, 2004)>",2120,5.0
809,413,directed,"<[2002, 2004)>",2121,5.0
809,1264,directed,"<[2002, 2004)>",2123,5.0
809,413,directed,"<[2002, 2004)>",2124,5.0
809,933,directed,"<[2002, 2004)>",2125,5.0
575,152,directed,"<[2006, 2008)>",2126,5.0
657,152,directed,"<[2006, 2008)>",2127,5.0
946,158,directed,"<[2002, 2004)>",2131,5.0
946,663,directed,"<[2002, 2004)>",2132,5.0
946,247,directed,"<[2002, 2004)>",2133,5.0
946,818,directed,"<[2002, 2004)>",2135,5.0
405,1257,directed,"<[2000, 2002)>",2147,1.0
88,264,directed,"<[2002, 2004)>",2155,5.0
283,170,directed,"<[2004, 2006)>",2159,1.0
1268,676,directed,"<[2004, 2006)>",2163,5.0
1268,873,directed,"<[2004, 2006)>",2164,5.0
1268,46,directed,"<[2004, 2006)>",2165,5.0
801,561,directed,"<[2004, 2006)>",2167,5.0
921,1279,directed,"<[2000, 2002)>",2172,5.0
156,25,directed,"<[2000, 2002)>",2173,1.0
721,1437,directed,"<[2000, 2002)>",2174,1.0
721,538,directed,"<[2000, 2002)>",2175,1.0
721,1651,directed,"<[2000, 2002)>",2176,1.0
721,1394,directed,"<[2000, 2002)>",2179,1.0
1431,1573,directed,"<[2004, 2006)>",2184,1.0
458,37,directed,"<[2000, 2002)>",2193,5.0
458,859,directed,"<[2000, 2002)>",2195,5.0
458,1087,directed,"<[2000, 2002)>",2196,5.0
844,1570,directed,"<[2004, 2006)>",2204,1.0
424,264,directed,"<[2004, 2006)>",2210,4.0
1180,1437,directed,"<[2002, 2004)>",2211,5.0
1180,1451,directed,"<[2002, 2004)>",2212,5.0
529,1651,directed,"<[2004, 2006)>",2213,1.0
529,1696,directed,"<[2004, 2006)>",2214,1.0
529,1463,directed,"<[2004, 2006)>",2215,1.0
529,628,directed,"<[2004, 2006)>",2217,1.0
529,20,directed,"<[2004, 2006)>",2218,1.0
1268,1699,directed,"<[2004, 2006)>",2219,5.0
254,356,directed,"<[2006, 2008)>",2221,4.0
254,1449,directed,"<[2006, 2008)>",2223,4.0
254,356,directed,"<[2004, 2006)>",2230,4.0
254,1449,directed,"<[2004, 2006)>",2233,4.0
256,545,directed,"<[2004, 2006)>",2234,5.0
503,1002,directed,"<[2004, 2006)>",2235,5.0
844,1286,directed,"<[2004, 2006)>",2239,1.0
866,1279,directed,"<[2002, 2004)>",2240,5.0
721,7,directed,"<[2000, 2002)>",2241,1.0
721,1381,directed,"<[2000, 2002)>",2242,1.0
503,105,directed,"<[2006, 2008)>",2246,5.0
503,1210,directed,"<[2006, 2008)>",2247,5.0
503,100,directed,"<[2006, 2008)>",2248,5.0
503,1279,directed,"<[2006, 2008)>",2250,5.0
503,760,directed,"<[2006, 2008)>",2251,5.0
503,1329,directed,"<[2006, 2008)>",2252,5.0
503,1503,directed,"<[2006, 2008)>",2254,5.0
503,1087,directed,"<[2006, 2008)>",2256,5.0
503,1681,directed,"<[2006, 2008)>",2257,5.0
503,372,directed,"<[2006, 2008)>",2258,5.0
503,1164,directed,"<[2006, 2008)>",2259,5.0
503,763,directed,"<[2006, 2008)>",2260,5.0
503,763,directed,"<[2004, 2006)>",2261,5.0
503,1308,directed,"<[2006, 2008)>",2263,5.0
503,105,directed,"<[2004, 2006)>",2264,5.0
503,1308,directed,"<[2004, 2006)>",2265,5.0
405,225,directed,"<[2006, 2008)>",2267,1.0
1680,830,directed,"<[2002, 2004)>",2270,1.0
1680,1507,directed,"<[2002, 2004)>",2271,1.0
1680,1278,directed,"<[2002, 2004)>",2273,1.0
1680,538,directed,"<[2002, 2004)>",2274,1.0
595,111,directed,"<[2006, 2008)>",2275,1.0
717,111,directed,"<[2006, 2008)>",2276,1.0
283,1046,directed,"<[2006, 2008)>",2277,1.0
283,1668,directed,"<[2006, 2008)>",2278,1.0
1119,356,directed,"<[2000, 2002)>",2282,5.0
1119,779,directed,"<[2000, 2002)>",2285,5.0
1119,1449,directed,"<[2000, 2002)>",2287,5.0
1119,577,directed,"<[2000, 2002)>",2292,5.0
1119,1329,directed,"<[2000, 2002)>",2293,5.0
1119,333,directed,"<[2000, 2002)>",2294,5.0
1119,1216,directed,"<[2000, 2002)>",2298,5.0
283,1507,directed,"<[2006, 2008)>",2305,1.0
503,1002,directed,"<[2006, 2008)>",2306,5.0
840,1696,directed,"<[2002, 2004)>",2309,5.0
529,20,directed,"<[2004, 2006)>",2312,1.0
741,1696,directed,"<[2000, 2002)>",2314,5.0
1006,372,directed,"<[2006, 2008)>",2315,5.0
529,20,directed,"<[2004, 2006)>",2318,1.0
529,20,directed,"<[2002, 2004)>",2321,1.0
529,1463,directed,"<[2002, 2004)>",2322,1.0
529,1651,directed,"<[2002, 2004)>",2325,1.0
529,628,directed,"<[2002, 2004)>",2326,1.0
1223,734,directed,"<[2006, 2008)>",2330,5.0
1223,344,directed,"<[2006, 2008)>",2331,5.0
1223,252,directed,"<[2006, 2008)>",2333,5.0
1006,1659,directed,"<[2006, 2008)>",2344,5.0
529,1696,directed,"<[2004, 2006)>",2357,1.0
529,628,directed,"<[2004, 2006)>",2358,1.0
529,1463,directed,"<[2004, 2006)>",2359,1.0
529,20,directed,"<[2004, 2006)>",2360,1.0
529,1651,directed,"<[2004, 2006)>",2361,1.0
1119,1612,directed,"<[2006, 2008)>",2367,5.0
1119,779,directed,"<[2006, 2008)>",2368,5.0
1006,100,directed,"<[2006, 2008)>",2376,5.0
1006,1516,directed,"<[2006, 2008)>",2378,5.0
1006,1435,directed,"<[2006, 2008)>",2379,5.0
1079,1381,directed,"<[2004, 2006)>",2387,1.0
1079,972,directed,"<[2004, 2006)>",2388,1.0
1079,1394,directed,"<[2004, 2006)>",2392,1.0
1079,1381,directed,"<[2004, 2006)>",2393,1.0
1662,319,directed,"<[2002, 2004)>",2404,5.0
1662,1287,directed,"<[2002, 2004)>",2405,5.0
1662,304,directed,"<[2002, 2004)>",2407,5.0
1662,1468,directed,"<[2002, 2004)>",2411,5.0
1662,1121,directed,"<[2002, 2004)>",2412,5.0
1680,1516,directed,"<[2002, 2004)>",2415,1.0
1405,1516,directed,"<[2002, 2004)>",2416,1.0
835,791,directed,"<[2004, 2006)>",2420,1.0
835,763,directed,"<[2004, 2006)>",2422,1.0
835,1116,directed,"<[2004, 2006)>",2423,1.0
835,1164,directed,"<[2004, 2006)>",2424,1.0
1348,859,directed,"<[2006, 2008)>",2431,5.0
556,158,directed,"<[2000, 2002)>",2435,1.0
556,247,directed,"<[2000, 2002)>",2436,1.0
556,1283,directed,"<[2000, 2002)>",2438,1.0
1348,561,directed,"<[2004, 2006)>",2440,5.0
1348,100,directed,"<[2004, 2006)>",2441,5.0
1348,630,directed,"<[2004, 2006)>",2442,5.0
1348,1040,directed,"<[2004, 2006)>",2443,5.0
1348,1257,directed,"<[2004, 2006)>",2445,5.0
949,779,directed,"<[2000, 2002)>",2453,5.0
1079,1381,directed,"<[2004, 2006)>",2456,1.0
1079,1394,directed,"<[2004, 2006)>",2457,1.0
801,1437,directed,"<[2006, 2008)>",2458,5.0
1680,357,directed,"<[2002, 2004)>",2461,1.0
1405,357,directed,"<[2002, 2004)>",2463,1.0
866,763,directed,"<[2004, 2006)>",2467,5.0
949,100,directed,"<[2000, 2002)>",2472,5.0
949,1449,directed,"<[2000, 2002)>",2473,5.0
1277,763,directed,"<[2000, 2002)>",2475,5.0
949,356,directed,"<[2000, 2002)>",2476,5.0
232,1439,directed,"<[2006, 2008)>",2477,1.0
232,252,directed,"<[2006, 2008)>",2478,1.0
232,372,directed,"<[2006, 2008)>",2479,1.0
232,538,directed,"<[2006, 2008)>",2480,1.0
232,763,directed,"<[2006, 2008)>",2481,1.0
595,1439,directed,"<[2006, 2008)>",2482,1.0
595,252,directed,"<[2006, 2008)>",2483,1.0
595,372,directed,"<[2006, 2008)>",2484,1.0
595,538,directed,"<[2006, 2008)>",2485,1.0
595,763,directed,"<[2006, 2008)>",2486,1.0
717,1439,directed,"<[2006, 2008)>",2487,1.0
717,252,directed,"<[2006, 2008)>",2488,1.0
717,372,directed,"<[2006, 2008)>",2489,1.0
717,538,directed,"<[2006, 2008)>",2490,1.0
717,763,directed,"<[2006, 2008)>",2491,1.0
796,1516,directed,"<[2004, 2006)>",2493,1.0
796,1046,directed,"<[2004, 2006)>",2494,1.0
796,100,directed,"<[2004, 2006)>",2495,1.0
796,372,directed,"<[2004, 2006)>",2496,1.0
796,1668,directed,"<[2004, 2006)>",2497,1.0
796,1046,directed,"<[2004, 2006)>",2498,1.0
796,1668,directed,"<[2004, 2006)>",2499,1.0
921,1257,directed,"<[2004, 2006)>",2500,5.0
921,859,directed,"<[2004, 2006)>",2502,5.0
921,1699,directed,"<[2004, 2006)>",2503,5.0
921,46,directed,"<[2004, 2006)>",2504,5.0
866,763,directed,"<[2002, 2004)>",2505,5.0
1277,1279,directed,"<[2006, 2008)>",2507,5.0
796,1516,directed,"<[2006, 2008)>",2508,1.0
801,1278,directed,"<[2004, 2006)>",2511,5.0
707,1283,directed,"<[2002, 2004)>",2514,5.0
88,1190,directed,"<[2000, 2002)>",2516,5.0
809,413,directed,"<[2002, 2004)>",2526,5.0
809,1264,directed,"<[2002, 2004)>",2527,5.0
801,1087,directed,"<[2004, 2006)>",2532,5.0
801,100,directed,"<[2004, 2006)>",2533,5.0
1408,351,directed,"<[2002, 2004)>",2536,5.0
1408,1344,directed,"<[2002, 2004)>",2538,5.0
1408,1168,directed,"<[2002, 2004)>",2539,5.0
826,229,directed,"<[2000, 2002)>",2540,5.0
273,310,directed,"<[2006, 2008)>",2542,5.0
88,264,directed,"<[2000, 2002)>",2545,5.0
812,356,directed,"<[2002, 2004)>",2546,5.0
1408,1659,directed,"<[2002, 2004)>",2549,5.0
1408,1653,directed,"<[2002, 2004)>",2550,5.0
1408,574,directed,"<[2002, 2004)>",2552,5.0
826,1527,directed,"<[2006, 2008)>",2555,5.0
826,442,directed,"<[2006, 2008)>",2556,5.0
657,799,directed,"<[2006, 2008)>",2559,5.0
575,799,directed,"<[2006, 2008)>",2560,5.0
759,799,directed,"<[2006, 2008)>",2561,5.0
801,725,directed,"<[2006, 2008)>",2570,5.0
1431,158,directed,"<[2006, 2008)>",2578,1.0
1431,1557,directed,"<[2006, 2008)>",2581,1.0
1431,450,directed,"<[2006, 2008)>",2601,1.0
826,247,directed,"<[2002, 2004)>",2608,5.0
236,1681,directed,"<[2004, 2006)>",2614,5.0
1431,459,directed,"<[2002, 2004)>",2619,1.0
1431,247,directed,"<[2002, 2004)>",2620,1.0
1431,1283,directed,"<[2002, 2004)>",2621,1.0
1303,1696,directed,"<[2006, 2008)>",2624,5.0
826,763,directed,"<[2002, 2004)>",2626,5.0
1303,229,directed,"<[2006, 2008)>",2629,5.0
812,247,directed,"<[2002, 2004)>",2635,5.0
801,740,directed,"<[2006, 2008)>",2641,5.0
1431,1669,directed,"<[2004, 2006)>",2645,1.0
1431,1190,directed,"<[2004, 2006)>",2646,1.0
801,1250,directed,"<[2006, 2008)>",2647,5.0
529,628,directed,"<[2004, 2006)>",2651,1.0
801,158,directed,"<[2006, 2008)>",2652,5.0
826,1002,directed,"<[2004, 2006)>",2653,5.0
273,310,directed,"<[2006, 2008)>",2656,5.0
1403,1168,directed,"<[2004, 2006)>",2693,1.0
1403,695,directed,"<[2004, 2006)>",2694,1.0
273,310,directed,"<[2006, 2008)>",2696,5.0
273,310,directed,"<[2006, 2008)>",2698,5.0
801,100,directed,"<[2004, 2006)>",2701,5.0
802,1681,directed,"<[2006, 2008)>",2709,1.0
802,1651,directed,"<[2006, 2008)>",2710,1.0
802,442,directed,"<[2006, 2008)>",2712,1.0
802,799,directed,"<[2006, 2008)>",2715,1.0
802,1527,directed,"<[2006, 2008)>",2716,1.0
802,733,directed,"<[2006, 2008)>",2723,1.0
826,763,directed,"<[2004, 2006)>",2725,5.0
904,1396,directed,"<[2000, 2002)>",2736,5.0
690,675,directed,"<[2000, 2002)>",2747,5.0
529,1463,directed,"<[2004, 2006)>",2749,1.0
826,1038,directed,"<[2004, 2006)>",2751,5.0
826,1250,directed,"<[2004, 2006)>",2752,5.0
826,459,directed,"<[2004, 2006)>",2753,5.0
826,760,directed,"<[2004, 2006)>",2754,5.0
826,740,directed,"<[2004, 2006)>",2755,5.0
826,1121,directed,"<[2004, 2006)>",2756,5.0
801,459,directed,"<[2006, 2008)>",2758,5.0
1431,1370,directed,"<[2004, 2006)>",2761,1.0
1431,1250,directed,"<[2004, 2006)>",2763,1.0
1431,1038,directed,"<[2004, 2006)>",2764,1.0
529,628,directed,"<[2004, 2006)>",2767,1.0
820,1479,directed,"<[2000, 2002)>",2770,1.0
904,11,directed,"<[2000, 2002)>",2772,5.0
904,46,directed,"<[2000, 2002)>",2782,5.0
550,1650,directed,"<[2006, 2008)>",2785,5.0
550,440,directed,"<[2006, 2008)>",2786,5.0
375,1650,directed,"<[2006, 2008)>",2787,5.0
375,440,directed,"<[2006, 2008)>",2788,5.0
1140,264,directed,"<[2006, 2008)>",2790,5.0
904,651,directed,"<[2000, 2002)>",2803,5.0
904,528,directed,"<[2000, 2002)>",2804,5.0
759,229,directed,"<[2002, 2004)>",2810,5.0
759,734,directed,"<[2002, 2004)>",2811,5.0
759,714,directed,"<[2002, 2004)>",2812,5.0
759,1570,directed,"<[2002, 2004)>",2814,5.0
826,1669,directed,"<[2000, 2002)>",2826,5.0
826,459,directed,"<[2000, 2002)>",2829,5.0
826,1468,directed,"<[2000, 2002)>",2830,5.0
826,1038,directed,"<[2000, 2002)>",2833,5.0
826,740,directed,"<[2000, 2002)>",2836,5.0
826,1287,directed,"<[2000, 2002)>",2837,5.0
801,760,directed,"<[2006, 2008)>",2839,5.0
1403,1344,directed,"<[2004, 2006)>",2840,1.0
1403,695,directed,"<[2004, 2006)>",2841,1.0
59,105,directed,"<[2000, 2002)>",2844,5.0
132,1002,directed,"<[2006, 2008)>",2846,5.0
529,1463,directed,"<[2004, 2006)>",2850,1.0
801,100,directed,"<[2004, 2006)>",2853,5.0
826,760,directed,"<[2004, 2006)>",2857,5.0
375,1650,directed,"<[2006, 2008)>",2859,5.0
375,440,directed,"<[2006, 2008)>",2860,5.0
550,1650,directed,"<[2006, 2008)>",2862,5.0
550,440,directed,"<[2006, 2008)>",2863,5.0
904,1370,directed,"<[2000, 2002)>",2864,5.0
904,247,directed,"<[2000, 2002)>",2872,5.0
904,1190,directed,"<[2000, 2002)>",2873,5.0
904,1468,directed,"<[2000, 2002)>",2880,5.0
904,1516,directed,"<[2000, 2002)>",2892,5.0
1140,760,directed,"<[2006, 2008)>",2896,5.0
698,1699,directed,"<[2004, 2006)>",2900,1.0
820,1479,directed,"<[2006, 2008)>",2906,1.0
721,1381,directed,"<[2000, 2002)>",2911,1.0
1396,675,directed,"<[2006, 2008)>",2914,5.0
1008,1437,directed,"<[2006, 2008)>",2920,5.0
1008,147,directed,"<[2006, 2008)>",2921,5.0
1008,1287,directed,"<[2006, 2008)>",2923,5.0
449,1675,directed,"<[2006, 2008)>",2930,1.0
449,9,directed,"<[2006, 2008)>",2931,1.0
449,100,directed,"<[2006, 2008)>",2932,1.0
449,1040,directed,"<[2006, 2008)>",2933,1.0
449,1056,directed,"<[2006, 2008)>",2934,1.0
449,561,directed,"<[2006, 2008)>",2935,1.0
449,9,directed,"<[2006, 2008)>",2936,1.0
449,37,directed,"<[2006, 2008)>",2937,1.0
449,1257,directed,"<[2006, 2008)>",2938,1.0
449,100,directed,"<[2006, 2008)>",2939,1.0
449,1675,directed,"<[2006, 2008)>",2940,1.0
449,561,directed,"<[2006, 2008)>",2942,1.0
449,1040,directed,"<[2006, 2008)>",2943,1.0
449,37,directed,"<[2006, 2008)>",2944,1.0
449,1257,directed,"<[2006, 2008)>",2945,1.0
126,100,directed,"<[2006, 2008)>",2947,1.0
126,1437,directed,"<[2006, 2008)>",2949,1.0
126,465,directed,"<[2006, 2008)>",2951,1.0
1364,1472,directed,"<[2006, 2008)>",2958,1.0
1364,229,directed,"<[2006, 2008)>",2961,1.0
550,1302,directed,"<[2006, 2008)>",2970,5.0
550,1650,directed,"<[2006, 2008)>",2973,5.0
550,1221,directed,"<[2006, 2008)>",2974,5.0
550,1633,directed,"<[2006, 2008)>",2979,5.0
375,1302,directed,"<[2006, 2008)>",2986,5.0
375,1650,directed,"<[2006, 2008)>",2989,5.0
375,1221,directed,"<[2006, 2008)>",2990,5.0
375,1633,directed,"<[2006, 2008)>",2995,5.0
41,304,directed,"<[2006, 2008)>",3000,1.0
41,1121,directed,"<[2006, 2008)>",3002,1.0
41,450,directed,"<[2006, 2008)>",3004,1.0
41,147,directed,"<[2006, 2008)>",3006,1.0
41,1286,directed,"<[2006, 2008)>",3007,1.0
41,725,directed,"<[2006, 2008)>",3008,1.0
1154,304,directed,"<[2006, 2008)>",3009,1.0
1154,1121,directed,"<[2006, 2008)>",3011,1.0
1154,450,directed,"<[2006, 2008)>",3013,1.0
1154,147,directed,"<[2006, 2008)>",3015,1.0
1154,1286,directed,"<[2006, 2008)>",3016,1.0
1154,725,directed,"<[2006, 2008)>",3017,1.0
77,1612,directed,"<[2006, 2008)>",3018,5.0
77,1449,directed,"<[2006, 2008)>",3019,5.0
77,356,directed,"<[2006, 2008)>",3021,5.0
77,1232,directed,"<[2006, 2008)>",3026,5.0
625,1168,directed,"<[2006, 2008)>",3028,1.0
745,545,directed,"<[2006, 2008)>",3029,5.0
745,1040,directed,"<[2006, 2008)>",3030,5.0
745,760,directed,"<[2006, 2008)>",3032,5.0
745,1651,directed,"<[2006, 2008)>",3033,5.0
745,791,directed,"<[2006, 2008)>",3034,5.0
745,1681,directed,"<[2006, 2008)>",3035,5.0
745,1210,directed,"<[2006, 2008)>",3036,5.0
745,357,directed,"<[2006, 2008)>",3037,5.0
745,442,directed,"<[2006, 2008)>",3038,5.0
745,1279,directed,"<[2006, 2008)>",3039,5.0
745,1437,directed,"<[2006, 2008)>",3040,5.0
745,1527,directed,"<[2006, 2008)>",3041,5.0
745,1056,directed,"<[2006, 2008)>",3042,5.0
745,561,directed,"<[2006, 2008)>",3043,5.0
745,11,directed,"<[2006, 2008)>",3045,5.0
745,1675,directed,"<[2006, 2008)>",3048,5.0
745,147,directed,"<[2006, 2008)>",3049,5.0
745,1121,directed,"<[2006, 2008)>",3050,5.0
745,37,directed,"<[2006, 2008)>",3051,5.0
745,9,directed,"<[2006, 2008)>",3052,5.0
1646,1570,directed,"<[2006, 2008)>",3070,1.0
1025,304,directed,"<[2006, 2008)>",3082,1.0
1025,147,directed,"<[2006, 2008)>",3084,1.0
1025,1286,directed,"<[2006, 2008)>",3085,1.0
1025,1308,directed,"<[2006, 2008)>",3086,1.0
1025,442,directed,"<[2006, 2008)>",3088,1.0
1025,733,directed,"<[2006, 2008)>",3089,1.0
1025,1651,directed,"<[2006, 2008)>",3091,1.0
1012,1066,directed,"<[2006, 2008)>",3099,4.0
1012,46,directed,"<[2006, 2008)>",3101,4.0
1012,1396,directed,"<[2006, 2008)>",3102,4.0
891,119,directed,"<[2006, 2008)>",3106,5.0
491,1612,directed,"<[2006, 2008)>",3118,1.0
491,779,directed,"<[2006, 2008)>",3122,1.0
1,672,directed,"<[2006, 2008)>",3128,5.0
232,1439,directed,"<[2006, 2008)>",3133,1.0
232,252,directed,"<[2006, 2008)>",3134,1.0
232,763,directed,"<[2006, 2008)>",3135,1.0
232,372,directed,"<[2006, 2008)>",3136,1.0
1268,11,directed,"<[2006, 2008)>",3146,5.0
595,344,directed,"<[2006, 2008)>",3147,1.0
232,344,directed,"<[2006, 2008)>",3148,1.0
717,344,directed,"<[2006, 2008)>",3149,1.0
59,1394,directed,"<[2006, 2008)>",3155,5.0
59,1381,directed,"<[2006, 2008)>",3156,5.0
59,1321,directed,"<[2006, 2008)>",3157,5.0
971,1262,directed,"<[2006, 2008)>",3158,1.0
971,105,directed,"<[2006, 2008)>",3159,1.0
283,783,directed,"<[2006, 2008)>",3160,1.0
971,1641,directed,"<[2006, 2008)>",3162,1.0
971,1168,directed,"<[2006, 2008)>",3163,1.0
971,747,directed,"<[2006, 2008)>",3164,1.0
971,1295,directed,"<[2006, 2008)>",3165,1.0
971,1262,directed,"<[2006, 2008)>",3166,1.0
971,1344,directed,"<[2006, 2008)>",3167,1.0
971,1681,directed,"<[2006, 2008)>",3168,1.0
971,1241,directed,"<[2006, 2008)>",3171,1.0
971,105,directed,"<[2006, 2008)>",3172,1.0
971,1295,directed,"<[2006, 2008)>",3173,1.0
971,581,directed,"<[2006, 2008)>",3174,1.0
971,1224,directed,"<[2006, 2008)>",3175,1.0
971,1168,directed,"<[2006, 2008)>",3177,1.0
971,1641,directed,"<[2006, 2008)>",3178,1.0
971,747,directed,"<[2006, 2008)>",3179,1.0
971,173,directed,"<[2006, 2008)>",3180,1.0
971,639,directed,"<[2006, 2008)>",3181,1.0
971,173,directed,"<[2006, 2008)>",3187,1.0
971,865,directed,"<[2006, 2008)>",3188,1.0
971,639,directed,"<[2006, 2008)>",3189,1.0
971,581,directed,"<[2006, 2008)>",3190,1.0
971,1224,directed,"<[2006, 2008)>",3191,1.0
658,1241,directed,"<[2006, 2008)>",3199,5.0
658,1516,directed,"<[2006, 2008)>",3200,5.0
971,1241,directed,"<[2006, 2008)>",3203,1.0
971,1681,directed,"<[2006, 2008)>",3205,1.0
971,1516,directed,"<[2006, 2008)>",3206,1.0
283,760,directed,"<[2006, 2008)>",3208,1.0
1060,442,directed,"<[2006, 2008)>",3210,1.0
1060,1308,directed,"<[2006, 2008)>",3211,1.0
1552,1308,directed,"<[2006, 2008)>",3212,5.0
1552,733,directed,"<[2006, 2008)>",3213,5.0
1552,442,directed,"<[2006, 2008)>",3214,5.0
1424,83,directed,"<[2006, 2008)>",3216,1.0
1424,1216,directed,"<[2006, 2008)>",3218,1.0
1424,158,directed,"<[2006, 2008)>",3219,1.0
1424,1250,directed,"<[2006, 2008)>",3220,1.0
1424,1241,directed,"<[2006, 2008)>",3221,1.0
1304,760,directed,"<[2006, 2008)>",3228,1.0
1304,1279,directed,"<[2006, 2008)>",3229,1.0
1304,105,directed,"<[2006, 2008)>",3230,1.0
1304,1503,directed,"<[2006, 2008)>",3231,1.0
1304,791,directed,"<[2006, 2008)>",3233,1.0
1304,1148,directed,"<[2006, 2008)>",3234,1.0
1304,1004,directed,"<[2006, 2008)>",3235,1.0
1304,1210,directed,"<[2006, 2008)>",3236,1.0
1304,1030,directed,"<[2006, 2008)>",3237,1.0
1680,725,directed,"<[2006, 2008)>",3246,1.0
1405,725,directed,"<[2006, 2008)>",3247,1.0
1552,545,directed,"<[2006, 2008)>",3251,5.0
544,1210,directed,"<[2006, 2008)>",3255,1.0
544,760,directed,"<[2006, 2008)>",3256,1.0
544,1279,directed,"<[2006, 2008)>",3257,1.0
544,93,directed,"<[2006, 2008)>",3258,1.0
544,763,directed,"<[2006, 2008)>",3259,1.0
544,651,directed,"<[2006, 2008)>",3260,1.0
544,760,directed,"<[2006, 2008)>",3261,1.0
544,93,directed,"<[2006, 2008)>",3262,1.0
544,1279,directed,"<[2006, 2008)>",3263,1.0
544,651,directed,"<[2006, 2008)>",3264,1.0
544,763,directed,"<[2006, 2008)>",3266,1.0
1711,1250,directed,"<[2006, 2008)>",3271,1.0
1711,675,directed,"<[2006, 2008)>",3274,1.0
1711,46,directed,"<[2006, 2008)>",3279,1.0
1711,740,directed,"<[2006, 2008)>",3280,1.0
1711,873,directed,"<[2006, 2008)>",3282,1.0
1711,1699,directed,"<[2006, 2008)>",3283,1.0
1711,1675,directed,"<[2006, 2008)>",3288,1.0
1711,100,directed,"<[2006, 2008)>",3289,1.0
1711,1056,directed,"<[2006, 2008)>",3290,1.0
1711,46,directed,"<[2006, 2008)>",3291,1.0
1711,37,directed,"<[2006, 2008)>",3292,1.0
1711,465,directed,"<[2006, 2008)>",3293,1.0
1711,675,directed,"<[2006, 2008)>",3294,1.0
1711,561,directed,"<[2006, 2008)>",3295,1.0
1711,9,directed,"<[2006, 2008)>",3296,1.0
1711,1040,directed,"<[2006, 2008)>",3297,1.0
1711,1391,directed,"<[2006, 2008)>",3298,1.0
1711,740,directed,"<[2006, 2008)>",3299,1.0
1711,1250,directed,"<[2006, 2008)>",3300,1.0
1711,873,directed,"<[2006, 2008)>",3301,1.0
932,1286,directed,"<[2006, 2008)>",3303,1.0
932,692,directed,"<[2006, 2008)>",3304,1.0
932,147,directed,"<[2006, 2008)>",3305,1.0
932,725,directed,"<[2006, 2008)>",3306,1.0
1662,1437,directed,"<[2006, 2008)>",3308,5.0
1519,1681,directed,"<[2006, 2008)>",3315,1.0
1586,1262,directed,"<[2006, 2008)>",3316,5.0
1586,1367,directed,"<[2006, 2008)>",3321,5.0
1586,1232,directed,"<[2006, 2008)>",3324,5.0
1586,1381,directed,"<[2006, 2008)>",3327,5.0
988,763,directed,"<[2006, 2008)>",3332,5.0
988,1681,directed,"<[2006, 2008)>",3334,5.0
600,1237,directed,"<[2006, 2008)>",3335,1.0
600,528,directed,"<[2006, 2008)>",3336,1.0
752,1237,directed,"<[2006, 2008)>",3337,1.0
752,528,directed,"<[2006, 2008)>",3338,1.0
1586,430,directed,"<[2006, 2008)>",3341,5.0
1586,798,directed,"<[2006, 2008)>",3342,5.0
491,1612,directed,"<[2006, 2008)>",3350,5.0
491,779,directed,"<[2006, 2008)>",3358,5.0
283,760,directed,"<[2006, 2008)>",3366,1.0
600,732,directed,"<[2006, 2008)>",3367,1.0
600,577,directed,"<[2006, 2008)>",3368,1.0
600,1237,directed,"<[2006, 2008)>",3371,1.0
600,1250,directed,"<[2006, 2008)>",3372,1.0
1060,1681,directed,"<[2006, 2008)>",3373,1.0
283,225,directed,"<[2006, 2008)>",3374,1.0
273,310,directed,"<[2006, 2008)>",3376,5.0
1480,791,directed,"<[2006, 2008)>",3377,5.0
1480,1681,directed,"<[2006, 2008)>",3378,5.0
1480,1449,directed,"<[2006, 2008)>",3380,5.0
1480,93,directed,"<[2006, 2008)>",3381,5.0
550,440,directed,"<[2006, 2008)>",3382,5.0
375,440,directed,"<[2006, 2008)>",3383,5.0
405,783,directed,"<[2006, 2008)>",3384,1.0
1140,1681,directed,"<[2006, 2008)>",3386,5.0
1288,636,directed,"<[2006, 2008)>",3392,1.0
1288,100,directed,"<[2006, 2008)>",3394,1.0
1288,760,directed,"<[2006, 2008)>",3395,1.0
1288,545,directed,"<[2006, 2008)>",3397,1.0
1288,1257,directed,"<[2006, 2008)>",3403,1.0
1288,740,directed,"<[2006, 2008)>",3404,1.0
350,1437,directed,"<[2006, 2008)>",3405,5.0
595,734,directed,"<[2006, 2008)>",3406,1.0
232,734,directed,"<[2006, 2008)>",3407,1.0
801,725,directed,"<[2006, 2008)>",3408,5.0
404,173,directed,"<[2006, 2008)>",3410,5.0
404,1287,directed,"<[2006, 2008)>",3411,5.0
404,545,directed,"<[2006, 2008)>",3412,5.0
404,465,directed,"<[2006, 2008)>",3413,5.0
404,1262,directed,"<[2006, 2008)>",3414,5.0
479,1411,directed,"<[2006, 2008)>",3427,1.0
707,1283,directed,"<[2002, 2004)>",3437,5.0
707,1283,directed,"<[2002, 2004)>",3439,5.0
992,791,directed,"<[2006, 2008)>",3454,5.0
1127,725,directed,"<[2006, 2008)>",3458,5.0
1127,147,directed,"<[2006, 2008)>",3460,5.0
1127,1286,directed,"<[2006, 2008)>",3462,5.0
1586,1381,directed,"<[2006, 2008)>",3463,5.0
946,247,directed,"<[2006, 2008)>",3470,5.0
1646,732,directed,"<[2006, 2008)>",3483,1.0
1646,1237,directed,"<[2006, 2008)>",3486,1.0
1646,714,directed,"<[2006, 2008)>",3489,1.0
1586,799,directed,"<[2006, 2008)>",3506,5.0
1586,1570,directed,"<[2006, 2008)>",3508,5.0
1586,1651,directed,"<[2004, 2006)>",3511,5.0
796,651,directed,"<[2006, 2008)>",3514,1.0
1586,1286,directed,"<[2006, 2008)>",3528,5.0
1586,116,directed,"<[2006, 2008)>",3532,5.0
1586,340,directed,"<[2006, 2008)>",3533,5.0
1586,574,directed,"<[2006, 2008)>",3536,5.0
1586,732,directed,"<[2006, 2008)>",3538,5.0
1586,972,directed,"<[2006, 2008)>",3541,5.0
1586,173,directed,"<[2006, 2008)>",3542,5.0
1586,1262,directed,"<[2006, 2008)>",3544,5.0
1586,1407,directed,"<[2006, 2008)>",3546,5.0
283,1507,directed,"<[2006, 2008)>",3547,1.0
283,783,directed,"<[2006, 2008)>",3548,1.0
283,1046,directed,"<[2006, 2008)>",3550,1.0
283,1668,directed,"<[2006, 2008)>",3551,1.0
283,1439,directed,"<[2006, 2008)>",3552,1.0
283,538,directed,"<[2006, 2008)>",3553,1.0
283,344,directed,"<[2006, 2008)>",3554,1.0
283,1116,directed,"<[2006, 2008)>",3556,1.0
283,1164,directed,"<[2006, 2008)>",3557,1.0
283,1675,directed,"<[2006, 2008)>",3558,1.0
283,1098,directed,"<[2006, 2008)>",3566,1.0
283,372,directed,"<[2006, 2008)>",3567,1.0
283,252,directed,"<[2006, 2008)>",3568,1.0
405,1507,directed,"<[2006, 2008)>",3571,1.0
405,225,directed,"<[2006, 2008)>",3573,1.0
405,760,directed,"<[2006, 2008)>",3574,1.0
405,1046,directed,"<[2006, 2008)>",3575,1.0
405,1668,directed,"<[2006, 2008)>",3576,1.0
405,1439,directed,"<[2006, 2008)>",3577,1.0
405,538,directed,"<[2006, 2008)>",3578,1.0
405,344,directed,"<[2006, 2008)>",3579,1.0
405,1116,directed,"<[2006, 2008)>",3581,1.0
405,1164,directed,"<[2006, 2008)>",3582,1.0
405,1675,directed,"<[2006, 2008)>",3583,1.0
405,1098,directed,"<[2006, 2008)>",3591,1.0
405,372,directed,"<[2006, 2008)>",3592,1.0
405,252,directed,"<[2006, 2008)>",3593,1.0
749,1162,directed,"<[2000, 2002)>",3598,4.0
749,874,directed,"<[2000, 2002)>",3599,4.0
749,874,directed,"<[2000, 2002)>",3600,4.0
749,1162,directed,"<[2000, 2002)>",3601,4.0
1180,1004,directed,"<[2000, 2002)>",3602,5.0
74,1437,directed,"<[2002, 2004)>",3605,5.0
1680,830,directed,"<[2002, 2004)>",3616,1.0
1680,1507,directed,"<[2002, 2004)>",3617,1.0
1680,1278,directed,"<[2002, 2004)>",3619,1.0
1680,538,directed,"<[2002, 2004)>",3620,1.0
1403,1262,directed,"<[2004, 2006)>",3621,1.0
1403,1344,directed,"<[2004, 2006)>",3623,1.0
1403,1168,directed,"<[2004, 2006)>",3624,1.0
1403,574,directed,"<[2004, 2006)>",3625,1.0
1403,798,directed,"<[2004, 2006)>",3626,1.0
1403,430,directed,"<[2004, 2006)>",3627,1.0
1403,695,directed,"<[2004, 2006)>",3628,1.0
1403,1641,directed,"<[2004, 2006)>",3629,1.0
529,1651,directed,"<[2004, 2006)>",3630,1.0
1268,873,directed,"<[2004, 2006)>",3633,5.0
1268,676,directed,"<[2004, 2006)>",3634,5.0
1268,46,directed,"<[2004, 2006)>",3635,5.0
801,1278,directed,"<[2004, 2006)>",3636,5.0
74,1056,directed,"<[2004, 2006)>",3637,5.0
74,100,directed,"<[2004, 2006)>",3638,5.0
74,630,directed,"<[2004, 2006)>",3639,5.0
74,853,directed,"<[2004, 2006)>",3640,5.0
74,1026,directed,"<[2004, 2006)>",3641,5.0
74,1258,directed,"<[2004, 2006)>",3642,5.0
74,9,directed,"<[2004, 2006)>",3643,5.0
74,1675,directed,"<[2004, 2006)>",3644,5.0
74,1257,directed,"<[2004, 2006)>",3645,5.0
74,561,directed,"<[2004, 2006)>",3646,5.0
801,1675,directed,"<[2004, 2006)>",3647,5.0
529,1651,directed,"<[2004, 2006)>",3648,1.0
1403,1168,directed,"<[2004, 2006)>",3650,1.0
1403,695,directed,"<[2004, 2006)>",3651,1.0
690,1675,directed,"<[2004, 2006)>",3655,5.0
283,170,directed,"<[2004, 2006)>",3662,1.0
1683,630,directed,"<[2004, 2006)>",3664,1.0
1622,630,directed,"<[2004, 2006)>",3665,1.0
1683,372,directed,"<[2004, 2006)>",3667,1.0
1622,372,directed,"<[2004, 2006)>",3669,1.0
1622,1435,directed,"<[2004, 2006)>",3670,1.0
1683,1435,directed,"<[2004, 2006)>",3671,1.0
1330,1435,directed,"<[2004, 2006)>",3673,1.0
1683,1026,directed,"<[2004, 2006)>",3674,1.0
1683,853,directed,"<[2004, 2006)>",3675,1.0
1683,1258,directed,"<[2004, 2006)>",3676,1.0
1683,1596,directed,"<[2004, 2006)>",3678,1.0
1622,1026,directed,"<[2004, 2006)>",3679,1.0
1622,853,directed,"<[2004, 2006)>",3680,1.0
1622,1258,directed,"<[2004, 2006)>",3681,1.0
1622,1596,directed,"<[2004, 2006)>",3683,1.0
1330,1026,directed,"<[2004, 2006)>",3684,1.0
1330,853,directed,"<[2004, 2006)>",3685,1.0
1330,1258,directed,"<[2004, 2006)>",3686,1.0
1330,1596,directed,"<[2004, 2006)>",3688,1.0
946,1121,directed,"<[2002, 2004)>",3690,5.0
946,818,directed,"<[2002, 2004)>",3691,5.0
946,387,directed,"<[2002, 2004)>",3692,5.0
946,158,directed,"<[2002, 2004)>",3693,5.0
946,247,directed,"<[2002, 2004)>",3696,5.0
866,728,directed,"<[2002, 2004)>",3697,5.0
1683,1247,directed,"<[2002, 2004)>",3700,1.0
1683,1622,directed,"<[2002, 2004)>",3701,1.0
1683,100,directed,"<[2002, 2004)>",3702,1.0
1683,1026,directed,"<[2002, 2004)>",3703,1.0
1683,630,directed,"<[2002, 2004)>",3704,1.0
1683,1330,directed,"<[2002, 2004)>",3705,1.0
1180,728,directed,"<[2004, 2006)>",3707,5.0
690,1675,directed,"<[2004, 2006)>",3709,5.0
820,1479,directed,"<[2000, 2002)>",3714,1.0
820,1479,directed,"<[2002, 2004)>",3718,1.0
1012,859,directed,"<[2002, 2004)>",3721,4.0
56,1241,directed,"<[2002, 2004)>",3725,5.0
56,676,directed,"<[2002, 2004)>",3727,5.0
56,675,directed,"<[2002, 2004)>",3728,5.0
541,25,directed,"<[2002, 2004)>",3730,1.0
529,1463,directed,"<[2004, 2006)>",3739,1.0
529,1651,directed,"<[2004, 2006)>",3740,1.0
529,20,directed,"<[2004, 2006)>",3741,1.0
529,628,directed,"<[2004, 2006)>",3742,1.0
749,760,directed,"<[2004, 2006)>",3747,4.0
1403,1262,directed,"<[2004, 2006)>",3751,1.0
1403,1641,directed,"<[2004, 2006)>",3754,1.0
1403,574,directed,"<[2004, 2006)>",3755,1.0
1403,695,directed,"<[2004, 2006)>",3756,1.0
1403,1168,directed,"<[2004, 2006)>",3758,1.0
1403,798,directed,"<[2004, 2006)>",3760,1.0
1403,173,directed,"<[2004, 2006)>",3764,1.0
531,675,directed,"<[2004, 2006)>",3776,1.0
531,1396,directed,"<[2004, 2006)>",3777,1.0
531,1066,directed,"<[2004, 2006)>",3778,1.0
531,675,directed,"<[2004, 2006)>",3779,1.0
531,1066,directed,"<[2004, 2006)>",3780,1.0
749,760,directed,"<[2004, 2006)>",3781,4.0
585,798,directed,"<[2006, 2008)>",3787,5.0
585,430,directed,"<[2006, 2008)>",3788,5.0
625,1168,directed,"<[2006, 2008)>",3794,1.0
1586,798,directed,"<[2006, 2008)>",3807,5.0
1586,430,directed,"<[2006, 2008)>",3808,5.0
585,1544,directed,"<[2006, 2008)>",3809,5.0
585,574,directed,"<[2006, 2008)>",3810,5.0
1223,734,directed,"<[2006, 2008)>",3812,5.0
1711,873,directed,"<[2006, 2008)>",3813,1.0
600,185,directed,"<[2006, 2008)>",3817,1.0
1405,651,directed,"<[2006, 2008)>",3818,1.0
1403,173,directed,"<[2006, 2008)>",3822,1.0
541,11,directed,"<[2006, 2008)>",3823,1.0
1403,1224,directed,"<[2006, 2008)>",3824,1.0
820,1479,directed,"<[2006, 2008)>",3826,1.0
56,46,directed,"<[2006, 2008)>",3828,5.0
59,725,directed,"<[2004, 2006)>",3835,5.0
59,636,directed,"<[2004, 2006)>",3839,5.0
721,465,directed,"<[2000, 2002)>",3842,1.0
721,25,directed,"<[2000, 2002)>",3848,1.0
721,1030,directed,"<[2000, 2002)>",3850,1.0
